Factor,Value
km_driven,0.282433142
car_age,0.276118913
transmission,0.255870466
fuel,0.117662603
seller_type,0.033968374
owner,0.033946502
